ID,Name,Nexus_File,rooted,type,method,scaling,Source
summary,TREE1,summary.trees,true,summary,bayesian,years,Chang2015
posterior-1,STATE_86456000,posterior.trees,true,sample,bayesian,years,Chang2015
posterior-2,STATE_149848000,posterior.trees,true,sample,bayesian,years,Chang2015
posterior-3,STATE_143712000,posterior.trees,true,sample,bayesian,years,Chang2015
posterior-4,STATE_108976000,posterior.trees,true,sample,bayesian,years,Chang2015
posterior-5,STATE_116024000,posterior.trees,true,sample,bayesian,years,Chang2015
posterior-6,STATE_150512000,posterior.trees,true,sample,bayesian,years,Chang2015
posterior-7,STATE_103936000,posterior.trees,true,sample,bayesian,years,Chang2015
posterior-8,STATE_136392000,posterior.trees,true,sample,bayesian,years,Chang2015
posterior-9,STATE_129376000,posterior.trees,true,sample,bayesian,years,Chang2015
posterior-10,STATE_135912000,posterior.trees,true,sample,bayesian,years,Chang2015
posterior-11,STATE_82776000,posterior.trees,true,sample,bayesian,years,Chang2015
posterior-12,STATE_130368000,posterior.trees,true,sample,bayesian,years,Chang2015
posterior-13,STATE_123672000,posterior.trees,true,sample,bayesian,years,Chang2015
posterior-14,STATE_97728000,posterior.trees,true,sample,bayesian,years,Chang2015
posterior-15,STATE_124072000,posterior.trees,true,sample,bayesian,years,Chang2015
posterior-16,STATE_159112000,posterior.trees,true,sample,bayesian,years,Chang2015
posterior-17,STATE_151720000,posterior.trees,true,sample,bayesian,years,Chang2015
posterior-18,STATE_126184000,posterior.trees,true,sample,bayesian,years,Chang2015
posterior-19,STATE_100016000,posterior.trees,true,sample,bayesian,years,Chang2015
posterior-20,STATE_138360000,posterior.trees,true,sample,bayesian,years,Chang2015
posterior-21,STATE_157552000,posterior.trees,true,sample,bayesian,years,Chang2015
posterior-22,STATE_84568000,posterior.trees,true,sample,bayesian,years,Chang2015
posterior-23,STATE_139720000,posterior.trees,true,sample,bayesian,years,Chang2015
posterior-24,STATE_84856000,posterior.trees,true,sample,bayesian,years,Chang2015
posterior-25,STATE_151488000,posterior.trees,true,sample,bayesian,years,Chang2015
posterior-26,STATE_132552000,posterior.trees,true,sample,bayesian,years,Chang2015
posterior-27,STATE_80256000,posterior.trees,true,sample,bayesian,years,Chang2015
posterior-28,STATE_128376000,posterior.trees,true,sample,bayesian,years,Chang2015
posterior-29,STATE_128896000,posterior.trees,true,sample,bayesian,years,Chang2015
posterior-30,STATE_150608000,posterior.trees,true,sample,bayesian,years,Chang2015
posterior-31,STATE_110840000,posterior.trees,true,sample,bayesian,years,Chang2015
posterior-32,STATE_91016000,posterior.trees,true,sample,bayesian,years,Chang2015
posterior-33,STATE_133392000,posterior.trees,true,sample,bayesian,years,Chang2015
posterior-34,STATE_134112000,posterior.trees,true,sample,bayesian,years,Chang2015
posterior-35,STATE_150920000,posterior.trees,true,sample,bayesian,years,Chang2015
posterior-36,STATE_122384000,posterior.trees,true,sample,bayesian,years,Chang2015
posterior-37,STATE_119968000,posterior.trees,true,sample,bayesian,years,Chang2015
posterior-38,STATE_110176000,posterior.trees,true,sample,bayesian,years,Chang2015
posterior-39,STATE_104504000,posterior.trees,true,sample,bayesian,years,Chang2015
posterior-40,STATE_143992000,posterior.trees,true,sample,bayesian,years,Chang2015
posterior-41,STATE_118464000,posterior.trees,true,sample,bayesian,years,Chang2015
posterior-42,STATE_159120000,posterior.trees,true,sample,bayesian,years,Chang2015
posterior-43,STATE_104528000,posterior.trees,true,sample,bayesian,years,Chang2015
posterior-44,STATE_82280000,posterior.trees,true,sample,bayesian,years,Chang2015
posterior-45,STATE_134720000,posterior.trees,true,sample,bayesian,years,Chang2015
posterior-46,STATE_151224000,posterior.trees,true,sample,bayesian,years,Chang2015
posterior-47,STATE_126336000,posterior.trees,true,sample,bayesian,years,Chang2015
posterior-48,STATE_112432000,posterior.trees,true,sample,bayesian,years,Chang2015
posterior-49,STATE_112376000,posterior.trees,true,sample,bayesian,years,Chang2015
posterior-50,STATE_148992000,posterior.trees,true,sample,bayesian,years,Chang2015
posterior-51,STATE_148952000,posterior.trees,true,sample,bayesian,years,Chang2015
posterior-52,STATE_89448000,posterior.trees,true,sample,bayesian,years,Chang2015
posterior-53,STATE_131536000,posterior.trees,true,sample,bayesian,years,Chang2015
posterior-54,STATE_137256000,posterior.trees,true,sample,bayesian,years,Chang2015
posterior-55,STATE_94240000,posterior.trees,true,sample,bayesian,years,Chang2015
posterior-56,STATE_114344000,posterior.trees,true,sample,bayesian,years,Chang2015
posterior-57,STATE_114528000,posterior.trees,true,sample,bayesian,years,Chang2015
posterior-58,STATE_156688000,posterior.trees,true,sample,bayesian,years,Chang2015
posterior-59,STATE_139696000,posterior.trees,true,sample,bayesian,years,Chang2015
posterior-60,STATE_145496000,posterior.trees,true,sample,bayesian,years,Chang2015
posterior-61,STATE_151800000,posterior.trees,true,sample,bayesian,years,Chang2015
posterior-62,STATE_112960000,posterior.trees,true,sample,bayesian,years,Chang2015
posterior-63,STATE_98224000,posterior.trees,true,sample,bayesian,years,Chang2015
posterior-64,STATE_86280000,posterior.trees,true,sample,bayesian,years,Chang2015
posterior-65,STATE_81984000,posterior.trees,true,sample,bayesian,years,Chang2015
posterior-66,STATE_87704000,posterior.trees,true,sample,bayesian,years,Chang2015
posterior-67,STATE_153304000,posterior.trees,true,sample,bayesian,years,Chang2015
posterior-68,STATE_113296000,posterior.trees,true,sample,bayesian,years,Chang2015
posterior-69,STATE_100192000,posterior.trees,true,sample,bayesian,years,Chang2015
posterior-70,STATE_108544000,posterior.trees,true,sample,bayesian,years,Chang2015
posterior-71,STATE_124192000,posterior.trees,true,sample,bayesian,years,Chang2015
posterior-72,STATE_121576000,posterior.trees,true,sample,bayesian,years,Chang2015
posterior-73,STATE_139232000,posterior.trees,true,sample,bayesian,years,Chang2015
posterior-74,STATE_108672000,posterior.trees,true,sample,bayesian,years,Chang2015
posterior-75,STATE_142976000,posterior.trees,true,sample,bayesian,years,Chang2015
posterior-76,STATE_158728000,posterior.trees,true,sample,bayesian,years,Chang2015
posterior-77,STATE_119936000,posterior.trees,true,sample,bayesian,years,Chang2015
posterior-78,STATE_118360000,posterior.trees,true,sample,bayesian,years,Chang2015
posterior-79,STATE_96320000,posterior.trees,true,sample,bayesian,years,Chang2015
posterior-80,STATE_117432000,posterior.trees,true,sample,bayesian,years,Chang2015
posterior-81,STATE_102664000,posterior.trees,true,sample,bayesian,years,Chang2015
posterior-82,STATE_115112000,posterior.trees,true,sample,bayesian,years,Chang2015
posterior-83,STATE_88600000,posterior.trees,true,sample,bayesian,years,Chang2015
posterior-84,STATE_128216000,posterior.trees,true,sample,bayesian,years,Chang2015
posterior-85,STATE_158504000,posterior.trees,true,sample,bayesian,years,Chang2015
posterior-86,STATE_107368000,posterior.trees,true,sample,bayesian,years,Chang2015
posterior-87,STATE_134376000,posterior.trees,true,sample,bayesian,years,Chang2015
posterior-88,STATE_99224000,posterior.trees,true,sample,bayesian,years,Chang2015
posterior-89,STATE_125568000,posterior.trees,true,sample,bayesian,years,Chang2015
posterior-90,STATE_118008000,posterior.trees,true,sample,bayesian,years,Chang2015
posterior-91,STATE_131080000,posterior.trees,true,sample,bayesian,years,Chang2015
posterior-92,STATE_155472000,posterior.trees,true,sample,bayesian,years,Chang2015
posterior-93,STATE_125424000,posterior.trees,true,sample,bayesian,years,Chang2015
posterior-94,STATE_124776000,posterior.trees,true,sample,bayesian,years,Chang2015
posterior-95,STATE_154760000,posterior.trees,true,sample,bayesian,years,Chang2015
posterior-96,STATE_116712000,posterior.trees,true,sample,bayesian,years,Chang2015
posterior-97,STATE_156456000,posterior.trees,true,sample,bayesian,years,Chang2015
posterior-98,STATE_121648000,posterior.trees,true,sample,bayesian,years,Chang2015
posterior-99,STATE_139176000,posterior.trees,true,sample,bayesian,years,Chang2015
posterior-100,STATE_157344000,posterior.trees,true,sample,bayesian,years,Chang2015
posterior-101,STATE_130096000,posterior.trees,true,sample,bayesian,years,Chang2015
posterior-102,STATE_153352000,posterior.trees,true,sample,bayesian,years,Chang2015
posterior-103,STATE_108592000,posterior.trees,true,sample,bayesian,years,Chang2015
posterior-104,STATE_125208000,posterior.trees,true,sample,bayesian,years,Chang2015
posterior-105,STATE_84032000,posterior.trees,true,sample,bayesian,years,Chang2015
posterior-106,STATE_155464000,posterior.trees,true,sample,bayesian,years,Chang2015
posterior-107,STATE_118808000,posterior.trees,true,sample,bayesian,years,Chang2015
posterior-108,STATE_113408000,posterior.trees,true,sample,bayesian,years,Chang2015
posterior-109,STATE_116968000,posterior.trees,true,sample,bayesian,years,Chang2015
posterior-110,STATE_136688000,posterior.trees,true,sample,bayesian,years,Chang2015
posterior-111,STATE_128224000,posterior.trees,true,sample,bayesian,years,Chang2015
posterior-112,STATE_113096000,posterior.trees,true,sample,bayesian,years,Chang2015
posterior-113,STATE_126192000,posterior.trees,true,sample,bayesian,years,Chang2015
posterior-114,STATE_151976000,posterior.trees,true,sample,bayesian,years,Chang2015
posterior-115,STATE_103608000,posterior.trees,true,sample,bayesian,years,Chang2015
posterior-116,STATE_158968000,posterior.trees,true,sample,bayesian,years,Chang2015
posterior-117,STATE_136168000,posterior.trees,true,sample,bayesian,years,Chang2015
posterior-118,STATE_116888000,posterior.trees,true,sample,bayesian,years,Chang2015
posterior-119,STATE_126440000,posterior.trees,true,sample,bayesian,years,Chang2015
posterior-120,STATE_154464000,posterior.trees,true,sample,bayesian,years,Chang2015
posterior-121,STATE_87504000,posterior.trees,true,sample,bayesian,years,Chang2015
posterior-122,STATE_122144000,posterior.trees,true,sample,bayesian,years,Chang2015
posterior-123,STATE_154880000,posterior.trees,true,sample,bayesian,years,Chang2015
posterior-124,STATE_121792000,posterior.trees,true,sample,bayesian,years,Chang2015
posterior-125,STATE_143808000,posterior.trees,true,sample,bayesian,years,Chang2015
posterior-126,STATE_120224000,posterior.trees,true,sample,bayesian,years,Chang2015
posterior-127,STATE_106088000,posterior.trees,true,sample,bayesian,years,Chang2015
posterior-128,STATE_112760000,posterior.trees,true,sample,bayesian,years,Chang2015
posterior-129,STATE_83192000,posterior.trees,true,sample,bayesian,years,Chang2015
posterior-130,STATE_86352000,posterior.trees,true,sample,bayesian,years,Chang2015
posterior-131,STATE_151280000,posterior.trees,true,sample,bayesian,years,Chang2015
posterior-132,STATE_145128000,posterior.trees,true,sample,bayesian,years,Chang2015
posterior-133,STATE_103648000,posterior.trees,true,sample,bayesian,years,Chang2015
posterior-134,STATE_147416000,posterior.trees,true,sample,bayesian,years,Chang2015
posterior-135,STATE_120488000,posterior.trees,true,sample,bayesian,years,Chang2015
posterior-136,STATE_140440000,posterior.trees,true,sample,bayesian,years,Chang2015
posterior-137,STATE_157568000,posterior.trees,true,sample,bayesian,years,Chang2015
posterior-138,STATE_105192000,posterior.trees,true,sample,bayesian,years,Chang2015
posterior-139,STATE_115312000,posterior.trees,true,sample,bayesian,years,Chang2015
posterior-140,STATE_157888000,posterior.trees,true,sample,bayesian,years,Chang2015
posterior-141,STATE_122736000,posterior.trees,true,sample,bayesian,years,Chang2015
posterior-142,STATE_89232000,posterior.trees,true,sample,bayesian,years,Chang2015
posterior-143,STATE_134776000,posterior.trees,true,sample,bayesian,years,Chang2015
posterior-144,STATE_153248000,posterior.trees,true,sample,bayesian,years,Chang2015
posterior-145,STATE_127600000,posterior.trees,true,sample,bayesian,years,Chang2015
posterior-146,STATE_110992000,posterior.trees,true,sample,bayesian,years,Chang2015
posterior-147,STATE_146560000,posterior.trees,true,sample,bayesian,years,Chang2015
posterior-148,STATE_144528000,posterior.trees,true,sample,bayesian,years,Chang2015
posterior-149,STATE_157832000,posterior.trees,true,sample,bayesian,years,Chang2015
posterior-150,STATE_117520000,posterior.trees,true,sample,bayesian,years,Chang2015
posterior-151,STATE_89136000,posterior.trees,true,sample,bayesian,years,Chang2015
posterior-152,STATE_148456000,posterior.trees,true,sample,bayesian,years,Chang2015
posterior-153,STATE_86936000,posterior.trees,true,sample,bayesian,years,Chang2015
posterior-154,STATE_115928000,posterior.trees,true,sample,bayesian,years,Chang2015
posterior-155,STATE_98176000,posterior.trees,true,sample,bayesian,years,Chang2015
posterior-156,STATE_152680000,posterior.trees,true,sample,bayesian,years,Chang2015
posterior-157,STATE_96864000,posterior.trees,true,sample,bayesian,years,Chang2015
posterior-158,STATE_114856000,posterior.trees,true,sample,bayesian,years,Chang2015
posterior-159,STATE_98264000,posterior.trees,true,sample,bayesian,years,Chang2015
posterior-160,STATE_114192000,posterior.trees,true,sample,bayesian,years,Chang2015
posterior-161,STATE_118416000,posterior.trees,true,sample,bayesian,years,Chang2015
posterior-162,STATE_88584000,posterior.trees,true,sample,bayesian,years,Chang2015
posterior-163,STATE_86464000,posterior.trees,true,sample,bayesian,years,Chang2015
posterior-164,STATE_122064000,posterior.trees,true,sample,bayesian,years,Chang2015
posterior-165,STATE_116272000,posterior.trees,true,sample,bayesian,years,Chang2015
posterior-166,STATE_140024000,posterior.trees,true,sample,bayesian,years,Chang2015
posterior-167,STATE_116184000,posterior.trees,true,sample,bayesian,years,Chang2015
posterior-168,STATE_88248000,posterior.trees,true,sample,bayesian,years,Chang2015
posterior-169,STATE_143056000,posterior.trees,true,sample,bayesian,years,Chang2015
posterior-170,STATE_103176000,posterior.trees,true,sample,bayesian,years,Chang2015
posterior-171,STATE_135448000,posterior.trees,true,sample,bayesian,years,Chang2015
posterior-172,STATE_144128000,posterior.trees,true,sample,bayesian,years,Chang2015
posterior-173,STATE_99344000,posterior.trees,true,sample,bayesian,years,Chang2015
posterior-174,STATE_98720000,posterior.trees,true,sample,bayesian,years,Chang2015
posterior-175,STATE_146224000,posterior.trees,true,sample,bayesian,years,Chang2015
posterior-176,STATE_132160000,posterior.trees,true,sample,bayesian,years,Chang2015
posterior-177,STATE_122488000,posterior.trees,true,sample,bayesian,years,Chang2015
posterior-178,STATE_133880000,posterior.trees,true,sample,bayesian,years,Chang2015
posterior-179,STATE_157440000,posterior.trees,true,sample,bayesian,years,Chang2015
posterior-180,STATE_107744000,posterior.trees,true,sample,bayesian,years,Chang2015
posterior-181,STATE_127776000,posterior.trees,true,sample,bayesian,years,Chang2015
posterior-182,STATE_154008000,posterior.trees,true,sample,bayesian,years,Chang2015
posterior-183,STATE_81768000,posterior.trees,true,sample,bayesian,years,Chang2015
posterior-184,STATE_145592000,posterior.trees,true,sample,bayesian,years,Chang2015
posterior-185,STATE_90920000,posterior.trees,true,sample,bayesian,years,Chang2015
posterior-186,STATE_98512000,posterior.trees,true,sample,bayesian,years,Chang2015
posterior-187,STATE_121808000,posterior.trees,true,sample,bayesian,years,Chang2015
posterior-188,STATE_81792000,posterior.trees,true,sample,bayesian,years,Chang2015
posterior-189,STATE_101176000,posterior.trees,true,sample,bayesian,years,Chang2015
posterior-190,STATE_109112000,posterior.trees,true,sample,bayesian,years,Chang2015
posterior-191,STATE_145416000,posterior.trees,true,sample,bayesian,years,Chang2015
posterior-192,STATE_133904000,posterior.trees,true,sample,bayesian,years,Chang2015
posterior-193,STATE_153792000,posterior.trees,true,sample,bayesian,years,Chang2015
posterior-194,STATE_110584000,posterior.trees,true,sample,bayesian,years,Chang2015
posterior-195,STATE_89616000,posterior.trees,true,sample,bayesian,years,Chang2015
posterior-196,STATE_97576000,posterior.trees,true,sample,bayesian,years,Chang2015
posterior-197,STATE_132872000,posterior.trees,true,sample,bayesian,years,Chang2015
posterior-198,STATE_129400000,posterior.trees,true,sample,bayesian,years,Chang2015
posterior-199,STATE_153824000,posterior.trees,true,sample,bayesian,years,Chang2015
posterior-200,STATE_154072000,posterior.trees,true,sample,bayesian,years,Chang2015
posterior-201,STATE_140568000,posterior.trees,true,sample,bayesian,years,Chang2015
posterior-202,STATE_143200000,posterior.trees,true,sample,bayesian,years,Chang2015
posterior-203,STATE_80696000,posterior.trees,true,sample,bayesian,years,Chang2015
posterior-204,STATE_109312000,posterior.trees,true,sample,bayesian,years,Chang2015
posterior-205,STATE_97448000,posterior.trees,true,sample,bayesian,years,Chang2015
posterior-206,STATE_104024000,posterior.trees,true,sample,bayesian,years,Chang2015
posterior-207,STATE_148216000,posterior.trees,true,sample,bayesian,years,Chang2015
posterior-208,STATE_104048000,posterior.trees,true,sample,bayesian,years,Chang2015
posterior-209,STATE_131936000,posterior.trees,true,sample,bayesian,years,Chang2015
posterior-210,STATE_151400000,posterior.trees,true,sample,bayesian,years,Chang2015
posterior-211,STATE_135792000,posterior.trees,true,sample,bayesian,years,Chang2015
posterior-212,STATE_159000000,posterior.trees,true,sample,bayesian,years,Chang2015
posterior-213,STATE_157808000,posterior.trees,true,sample,bayesian,years,Chang2015
posterior-214,STATE_151824000,posterior.trees,true,sample,bayesian,years,Chang2015
posterior-215,STATE_124920000,posterior.trees,true,sample,bayesian,years,Chang2015
posterior-216,STATE_88152000,posterior.trees,true,sample,bayesian,years,Chang2015
posterior-217,STATE_152992000,posterior.trees,true,sample,bayesian,years,Chang2015
posterior-218,STATE_156528000,posterior.trees,true,sample,bayesian,years,Chang2015
posterior-219,STATE_105512000,posterior.trees,true,sample,bayesian,years,Chang2015
posterior-220,STATE_100112000,posterior.trees,true,sample,bayesian,years,Chang2015
posterior-221,STATE_105664000,posterior.trees,true,sample,bayesian,years,Chang2015
posterior-222,STATE_118792000,posterior.trees,true,sample,bayesian,years,Chang2015
posterior-223,STATE_94400000,posterior.trees,true,sample,bayesian,years,Chang2015
posterior-224,STATE_91464000,posterior.trees,true,sample,bayesian,years,Chang2015
posterior-225,STATE_151432000,posterior.trees,true,sample,bayesian,years,Chang2015
posterior-226,STATE_100800000,posterior.trees,true,sample,bayesian,years,Chang2015
posterior-227,STATE_135880000,posterior.trees,true,sample,bayesian,years,Chang2015
posterior-228,STATE_85576000,posterior.trees,true,sample,bayesian,years,Chang2015
posterior-229,STATE_122328000,posterior.trees,true,sample,bayesian,years,Chang2015
posterior-230,STATE_86872000,posterior.trees,true,sample,bayesian,years,Chang2015
posterior-231,STATE_123200000,posterior.trees,true,sample,bayesian,years,Chang2015
posterior-232,STATE_91256000,posterior.trees,true,sample,bayesian,years,Chang2015
posterior-233,STATE_93912000,posterior.trees,true,sample,bayesian,years,Chang2015
posterior-234,STATE_136576000,posterior.trees,true,sample,bayesian,years,Chang2015
posterior-235,STATE_124816000,posterior.trees,true,sample,bayesian,years,Chang2015
posterior-236,STATE_119424000,posterior.trees,true,sample,bayesian,years,Chang2015
posterior-237,STATE_102800000,posterior.trees,true,sample,bayesian,years,Chang2015
posterior-238,STATE_131056000,posterior.trees,true,sample,bayesian,years,Chang2015
posterior-239,STATE_107888000,posterior.trees,true,sample,bayesian,years,Chang2015
posterior-240,STATE_94760000,posterior.trees,true,sample,bayesian,years,Chang2015
posterior-241,STATE_157000000,posterior.trees,true,sample,bayesian,years,Chang2015
posterior-242,STATE_115120000,posterior.trees,true,sample,bayesian,years,Chang2015
posterior-243,STATE_127104000,posterior.trees,true,sample,bayesian,years,Chang2015
posterior-244,STATE_121472000,posterior.trees,true,sample,bayesian,years,Chang2015
posterior-245,STATE_144936000,posterior.trees,true,sample,bayesian,years,Chang2015
posterior-246,STATE_144096000,posterior.trees,true,sample,bayesian,years,Chang2015
posterior-247,STATE_159032000,posterior.trees,true,sample,bayesian,years,Chang2015
posterior-248,STATE_85384000,posterior.trees,true,sample,bayesian,years,Chang2015
posterior-249,STATE_135624000,posterior.trees,true,sample,bayesian,years,Chang2015
posterior-250,STATE_108808000,posterior.trees,true,sample,bayesian,years,Chang2015
posterior-251,STATE_84648000,posterior.trees,true,sample,bayesian,years,Chang2015
posterior-252,STATE_81784000,posterior.trees,true,sample,bayesian,years,Chang2015
posterior-253,STATE_83584000,posterior.trees,true,sample,bayesian,years,Chang2015
posterior-254,STATE_153488000,posterior.trees,true,sample,bayesian,years,Chang2015
posterior-255,STATE_132648000,posterior.trees,true,sample,bayesian,years,Chang2015
posterior-256,STATE_82080000,posterior.trees,true,sample,bayesian,years,Chang2015
posterior-257,STATE_126888000,posterior.trees,true,sample,bayesian,years,Chang2015
posterior-258,STATE_109672000,posterior.trees,true,sample,bayesian,years,Chang2015
posterior-259,STATE_83992000,posterior.trees,true,sample,bayesian,years,Chang2015
posterior-260,STATE_151168000,posterior.trees,true,sample,bayesian,years,Chang2015
posterior-261,STATE_81928000,posterior.trees,true,sample,bayesian,years,Chang2015
posterior-262,STATE_97888000,posterior.trees,true,sample,bayesian,years,Chang2015
posterior-263,STATE_98952000,posterior.trees,true,sample,bayesian,years,Chang2015
posterior-264,STATE_85840000,posterior.trees,true,sample,bayesian,years,Chang2015
posterior-265,STATE_145512000,posterior.trees,true,sample,bayesian,years,Chang2015
posterior-266,STATE_129216000,posterior.trees,true,sample,bayesian,years,Chang2015
posterior-267,STATE_112384000,posterior.trees,true,sample,bayesian,years,Chang2015
posterior-268,STATE_156056000,posterior.trees,true,sample,bayesian,years,Chang2015
posterior-269,STATE_98600000,posterior.trees,true,sample,bayesian,years,Chang2015
posterior-270,STATE_152712000,posterior.trees,true,sample,bayesian,years,Chang2015
posterior-271,STATE_94792000,posterior.trees,true,sample,bayesian,years,Chang2015
posterior-272,STATE_157632000,posterior.trees,true,sample,bayesian,years,Chang2015
posterior-273,STATE_84888000,posterior.trees,true,sample,bayesian,years,Chang2015
posterior-274,STATE_95904000,posterior.trees,true,sample,bayesian,years,Chang2015
posterior-275,STATE_86888000,posterior.trees,true,sample,bayesian,years,Chang2015
posterior-276,STATE_85472000,posterior.trees,true,sample,bayesian,years,Chang2015
posterior-277,STATE_81752000,posterior.trees,true,sample,bayesian,years,Chang2015
posterior-278,STATE_84736000,posterior.trees,true,sample,bayesian,years,Chang2015
posterior-279,STATE_97040000,posterior.trees,true,sample,bayesian,years,Chang2015
posterior-280,STATE_128416000,posterior.trees,true,sample,bayesian,years,Chang2015
posterior-281,STATE_107832000,posterior.trees,true,sample,bayesian,years,Chang2015
posterior-282,STATE_133688000,posterior.trees,true,sample,bayesian,years,Chang2015
posterior-283,STATE_148816000,posterior.trees,true,sample,bayesian,years,Chang2015
posterior-284,STATE_132344000,posterior.trees,true,sample,bayesian,years,Chang2015
posterior-285,STATE_142640000,posterior.trees,true,sample,bayesian,years,Chang2015
posterior-286,STATE_81440000,posterior.trees,true,sample,bayesian,years,Chang2015
posterior-287,STATE_85528000,posterior.trees,true,sample,bayesian,years,Chang2015
posterior-288,STATE_121304000,posterior.trees,true,sample,bayesian,years,Chang2015
posterior-289,STATE_101536000,posterior.trees,true,sample,bayesian,years,Chang2015
posterior-290,STATE_108248000,posterior.trees,true,sample,bayesian,years,Chang2015
posterior-291,STATE_88144000,posterior.trees,true,sample,bayesian,years,Chang2015
posterior-292,STATE_105528000,posterior.trees,true,sample,bayesian,years,Chang2015
posterior-293,STATE_80352000,posterior.trees,true,sample,bayesian,years,Chang2015
posterior-294,STATE_153904000,posterior.trees,true,sample,bayesian,years,Chang2015
posterior-295,STATE_106736000,posterior.trees,true,sample,bayesian,years,Chang2015
posterior-296,STATE_153688000,posterior.trees,true,sample,bayesian,years,Chang2015
posterior-297,STATE_120264000,posterior.trees,true,sample,bayesian,years,Chang2015
posterior-298,STATE_103824000,posterior.trees,true,sample,bayesian,years,Chang2015
posterior-299,STATE_144208000,posterior.trees,true,sample,bayesian,years,Chang2015
posterior-300,STATE_134080000,posterior.trees,true,sample,bayesian,years,Chang2015
posterior-301,STATE_145352000,posterior.trees,true,sample,bayesian,years,Chang2015
posterior-302,STATE_86120000,posterior.trees,true,sample,bayesian,years,Chang2015
posterior-303,STATE_106976000,posterior.trees,true,sample,bayesian,years,Chang2015
posterior-304,STATE_114928000,posterior.trees,true,sample,bayesian,years,Chang2015
posterior-305,STATE_146400000,posterior.trees,true,sample,bayesian,years,Chang2015
posterior-306,STATE_114072000,posterior.trees,true,sample,bayesian,years,Chang2015
posterior-307,STATE_159800000,posterior.trees,true,sample,bayesian,years,Chang2015
posterior-308,STATE_147040000,posterior.trees,true,sample,bayesian,years,Chang2015
posterior-309,STATE_117080000,posterior.trees,true,sample,bayesian,years,Chang2015
posterior-310,STATE_105088000,posterior.trees,true,sample,bayesian,years,Chang2015
posterior-311,STATE_105024000,posterior.trees,true,sample,bayesian,years,Chang2015
posterior-312,STATE_143856000,posterior.trees,true,sample,bayesian,years,Chang2015
posterior-313,STATE_147488000,posterior.trees,true,sample,bayesian,years,Chang2015
posterior-314,STATE_130064000,posterior.trees,true,sample,bayesian,years,Chang2015
posterior-315,STATE_159880000,posterior.trees,true,sample,bayesian,years,Chang2015
posterior-316,STATE_127608000,posterior.trees,true,sample,bayesian,years,Chang2015
posterior-317,STATE_105544000,posterior.trees,true,sample,bayesian,years,Chang2015
posterior-318,STATE_148432000,posterior.trees,true,sample,bayesian,years,Chang2015
posterior-319,STATE_90024000,posterior.trees,true,sample,bayesian,years,Chang2015
posterior-320,STATE_120696000,posterior.trees,true,sample,bayesian,years,Chang2015
posterior-321,STATE_129800000,posterior.trees,true,sample,bayesian,years,Chang2015
posterior-322,STATE_90152000,posterior.trees,true,sample,bayesian,years,Chang2015
posterior-323,STATE_122808000,posterior.trees,true,sample,bayesian,years,Chang2015
posterior-324,STATE_125896000,posterior.trees,true,sample,bayesian,years,Chang2015
posterior-325,STATE_99704000,posterior.trees,true,sample,bayesian,years,Chang2015
posterior-326,STATE_89336000,posterior.trees,true,sample,bayesian,years,Chang2015
posterior-327,STATE_97744000,posterior.trees,true,sample,bayesian,years,Chang2015
posterior-328,STATE_127368000,posterior.trees,true,sample,bayesian,years,Chang2015
posterior-329,STATE_135072000,posterior.trees,true,sample,bayesian,years,Chang2015
posterior-330,STATE_113384000,posterior.trees,true,sample,bayesian,years,Chang2015
posterior-331,STATE_90800000,posterior.trees,true,sample,bayesian,years,Chang2015
posterior-332,STATE_87512000,posterior.trees,true,sample,bayesian,years,Chang2015
posterior-333,STATE_118752000,posterior.trees,true,sample,bayesian,years,Chang2015
posterior-334,STATE_146624000,posterior.trees,true,sample,bayesian,years,Chang2015
posterior-335,STATE_136808000,posterior.trees,true,sample,bayesian,years,Chang2015
posterior-336,STATE_158040000,posterior.trees,true,sample,bayesian,years,Chang2015
posterior-337,STATE_80984000,posterior.trees,true,sample,bayesian,years,Chang2015
posterior-338,STATE_81968000,posterior.trees,true,sample,bayesian,years,Chang2015
posterior-339,STATE_97208000,posterior.trees,true,sample,bayesian,years,Chang2015
posterior-340,STATE_122688000,posterior.trees,true,sample,bayesian,years,Chang2015
posterior-341,STATE_120104000,posterior.trees,true,sample,bayesian,years,Chang2015
posterior-342,STATE_101808000,posterior.trees,true,sample,bayesian,years,Chang2015
posterior-343,STATE_119472000,posterior.trees,true,sample,bayesian,years,Chang2015
posterior-344,STATE_134672000,posterior.trees,true,sample,bayesian,years,Chang2015
posterior-345,STATE_158048000,posterior.trees,true,sample,bayesian,years,Chang2015
posterior-346,STATE_149568000,posterior.trees,true,sample,bayesian,years,Chang2015
posterior-347,STATE_111648000,posterior.trees,true,sample,bayesian,years,Chang2015
posterior-348,STATE_133520000,posterior.trees,true,sample,bayesian,years,Chang2015
posterior-349,STATE_154088000,posterior.trees,true,sample,bayesian,years,Chang2015
posterior-350,STATE_137096000,posterior.trees,true,sample,bayesian,years,Chang2015
posterior-351,STATE_139936000,posterior.trees,true,sample,bayesian,years,Chang2015
posterior-352,STATE_125584000,posterior.trees,true,sample,bayesian,years,Chang2015
posterior-353,STATE_91784000,posterior.trees,true,sample,bayesian,years,Chang2015
posterior-354,STATE_146856000,posterior.trees,true,sample,bayesian,years,Chang2015
posterior-355,STATE_97064000,posterior.trees,true,sample,bayesian,years,Chang2015
posterior-356,STATE_116328000,posterior.trees,true,sample,bayesian,years,Chang2015
posterior-357,STATE_121944000,posterior.trees,true,sample,bayesian,years,Chang2015
posterior-358,STATE_158720000,posterior.trees,true,sample,bayesian,years,Chang2015
posterior-359,STATE_96480000,posterior.trees,true,sample,bayesian,years,Chang2015
posterior-360,STATE_155328000,posterior.trees,true,sample,bayesian,years,Chang2015
posterior-361,STATE_137624000,posterior.trees,true,sample,bayesian,years,Chang2015
posterior-362,STATE_157048000,posterior.trees,true,sample,bayesian,years,Chang2015
posterior-363,STATE_127064000,posterior.trees,true,sample,bayesian,years,Chang2015
posterior-364,STATE_136424000,posterior.trees,true,sample,bayesian,years,Chang2015
posterior-365,STATE_118712000,posterior.trees,true,sample,bayesian,years,Chang2015
posterior-366,STATE_118496000,posterior.trees,true,sample,bayesian,years,Chang2015
posterior-367,STATE_93632000,posterior.trees,true,sample,bayesian,years,Chang2015
posterior-368,STATE_87336000,posterior.trees,true,sample,bayesian,years,Chang2015
posterior-369,STATE_150736000,posterior.trees,true,sample,bayesian,years,Chang2015
posterior-370,STATE_138200000,posterior.trees,true,sample,bayesian,years,Chang2015
posterior-371,STATE_101968000,posterior.trees,true,sample,bayesian,years,Chang2015
posterior-372,STATE_136216000,posterior.trees,true,sample,bayesian,years,Chang2015
posterior-373,STATE_144992000,posterior.trees,true,sample,bayesian,years,Chang2015
posterior-374,STATE_142408000,posterior.trees,true,sample,bayesian,years,Chang2015
posterior-375,STATE_93264000,posterior.trees,true,sample,bayesian,years,Chang2015
posterior-376,STATE_122016000,posterior.trees,true,sample,bayesian,years,Chang2015
posterior-377,STATE_94328000,posterior.trees,true,sample,bayesian,years,Chang2015
posterior-378,STATE_103832000,posterior.trees,true,sample,bayesian,years,Chang2015
posterior-379,STATE_94296000,posterior.trees,true,sample,bayesian,years,Chang2015
posterior-380,STATE_115696000,posterior.trees,true,sample,bayesian,years,Chang2015
posterior-381,STATE_107536000,posterior.trees,true,sample,bayesian,years,Chang2015
posterior-382,STATE_158872000,posterior.trees,true,sample,bayesian,years,Chang2015
posterior-383,STATE_85272000,posterior.trees,true,sample,bayesian,years,Chang2015
posterior-384,STATE_138480000,posterior.trees,true,sample,bayesian,years,Chang2015
posterior-385,STATE_115552000,posterior.trees,true,sample,bayesian,years,Chang2015
posterior-386,STATE_93248000,posterior.trees,true,sample,bayesian,years,Chang2015
posterior-387,STATE_97344000,posterior.trees,true,sample,bayesian,years,Chang2015
posterior-388,STATE_140728000,posterior.trees,true,sample,bayesian,years,Chang2015
posterior-389,STATE_144840000,posterior.trees,true,sample,bayesian,years,Chang2015
posterior-390,STATE_120904000,posterior.trees,true,sample,bayesian,years,Chang2015
posterior-391,STATE_88888000,posterior.trees,true,sample,bayesian,years,Chang2015
posterior-392,STATE_108392000,posterior.trees,true,sample,bayesian,years,Chang2015
posterior-393,STATE_95568000,posterior.trees,true,sample,bayesian,years,Chang2015
posterior-394,STATE_113392000,posterior.trees,true,sample,bayesian,years,Chang2015
posterior-395,STATE_154656000,posterior.trees,true,sample,bayesian,years,Chang2015
posterior-396,STATE_134984000,posterior.trees,true,sample,bayesian,years,Chang2015
posterior-397,STATE_103912000,posterior.trees,true,sample,bayesian,years,Chang2015
posterior-398,STATE_138104000,posterior.trees,true,sample,bayesian,years,Chang2015
posterior-399,STATE_83232000,posterior.trees,true,sample,bayesian,years,Chang2015
posterior-400,STATE_121104000,posterior.trees,true,sample,bayesian,years,Chang2015
posterior-401,STATE_100488000,posterior.trees,true,sample,bayesian,years,Chang2015
posterior-402,STATE_97336000,posterior.trees,true,sample,bayesian,years,Chang2015
posterior-403,STATE_101072000,posterior.trees,true,sample,bayesian,years,Chang2015
posterior-404,STATE_142464000,posterior.trees,true,sample,bayesian,years,Chang2015
posterior-405,STATE_156488000,posterior.trees,true,sample,bayesian,years,Chang2015
posterior-406,STATE_133168000,posterior.trees,true,sample,bayesian,years,Chang2015
posterior-407,STATE_149360000,posterior.trees,true,sample,bayesian,years,Chang2015
posterior-408,STATE_113312000,posterior.trees,true,sample,bayesian,years,Chang2015
posterior-409,STATE_118832000,posterior.trees,true,sample,bayesian,years,Chang2015
posterior-410,STATE_103528000,posterior.trees,true,sample,bayesian,years,Chang2015
posterior-411,STATE_158952000,posterior.trees,true,sample,bayesian,years,Chang2015
posterior-412,STATE_82048000,posterior.trees,true,sample,bayesian,years,Chang2015
posterior-413,STATE_94080000,posterior.trees,true,sample,bayesian,years,Chang2015
posterior-414,STATE_113952000,posterior.trees,true,sample,bayesian,years,Chang2015
posterior-415,STATE_98632000,posterior.trees,true,sample,bayesian,years,Chang2015
posterior-416,STATE_131768000,posterior.trees,true,sample,bayesian,years,Chang2015
posterior-417,STATE_145864000,posterior.trees,true,sample,bayesian,years,Chang2015
posterior-418,STATE_110672000,posterior.trees,true,sample,bayesian,years,Chang2015
posterior-419,STATE_149312000,posterior.trees,true,sample,bayesian,years,Chang2015
posterior-420,STATE_83640000,posterior.trees,true,sample,bayesian,years,Chang2015
posterior-421,STATE_146320000,posterior.trees,true,sample,bayesian,years,Chang2015
posterior-422,STATE_140560000,posterior.trees,true,sample,bayesian,years,Chang2015
posterior-423,STATE_81304000,posterior.trees,true,sample,bayesian,years,Chang2015
posterior-424,STATE_128776000,posterior.trees,true,sample,bayesian,years,Chang2015
posterior-425,STATE_123784000,posterior.trees,true,sample,bayesian,years,Chang2015
posterior-426,STATE_113088000,posterior.trees,true,sample,bayesian,years,Chang2015
posterior-427,STATE_151624000,posterior.trees,true,sample,bayesian,years,Chang2015
posterior-428,STATE_92664000,posterior.trees,true,sample,bayesian,years,Chang2015
posterior-429,STATE_131904000,posterior.trees,true,sample,bayesian,years,Chang2015
posterior-430,STATE_99976000,posterior.trees,true,sample,bayesian,years,Chang2015
posterior-431,STATE_151896000,posterior.trees,true,sample,bayesian,years,Chang2015
posterior-432,STATE_138944000,posterior.trees,true,sample,bayesian,years,Chang2015
posterior-433,STATE_148824000,posterior.trees,true,sample,bayesian,years,Chang2015
posterior-434,STATE_92008000,posterior.trees,true,sample,bayesian,years,Chang2015
posterior-435,STATE_138264000,posterior.trees,true,sample,bayesian,years,Chang2015
posterior-436,STATE_98712000,posterior.trees,true,sample,bayesian,years,Chang2015
posterior-437,STATE_156888000,posterior.trees,true,sample,bayesian,years,Chang2015
posterior-438,STATE_130184000,posterior.trees,true,sample,bayesian,years,Chang2015
posterior-439,STATE_130632000,posterior.trees,true,sample,bayesian,years,Chang2015
posterior-440,STATE_86816000,posterior.trees,true,sample,bayesian,years,Chang2015
posterior-441,STATE_143176000,posterior.trees,true,sample,bayesian,years,Chang2015
posterior-442,STATE_123088000,posterior.trees,true,sample,bayesian,years,Chang2015
posterior-443,STATE_122040000,posterior.trees,true,sample,bayesian,years,Chang2015
posterior-444,STATE_156240000,posterior.trees,true,sample,bayesian,years,Chang2015
posterior-445,STATE_114728000,posterior.trees,true,sample,bayesian,years,Chang2015
posterior-446,STATE_99984000,posterior.trees,true,sample,bayesian,years,Chang2015
posterior-447,STATE_104320000,posterior.trees,true,sample,bayesian,years,Chang2015
posterior-448,STATE_125952000,posterior.trees,true,sample,bayesian,years,Chang2015
posterior-449,STATE_126728000,posterior.trees,true,sample,bayesian,years,Chang2015
posterior-450,STATE_139856000,posterior.trees,true,sample,bayesian,years,Chang2015
posterior-451,STATE_90576000,posterior.trees,true,sample,bayesian,years,Chang2015
posterior-452,STATE_87872000,posterior.trees,true,sample,bayesian,years,Chang2015
posterior-453,STATE_135664000,posterior.trees,true,sample,bayesian,years,Chang2015
posterior-454,STATE_93216000,posterior.trees,true,sample,bayesian,years,Chang2015
posterior-455,STATE_90208000,posterior.trees,true,sample,bayesian,years,Chang2015
posterior-456,STATE_151144000,posterior.trees,true,sample,bayesian,years,Chang2015
posterior-457,STATE_87664000,posterior.trees,true,sample,bayesian,years,Chang2015
posterior-458,STATE_133544000,posterior.trees,true,sample,bayesian,years,Chang2015
posterior-459,STATE_107584000,posterior.trees,true,sample,bayesian,years,Chang2015
posterior-460,STATE_158368000,posterior.trees,true,sample,bayesian,years,Chang2015
posterior-461,STATE_90312000,posterior.trees,true,sample,bayesian,years,Chang2015
posterior-462,STATE_128832000,posterior.trees,true,sample,bayesian,years,Chang2015
posterior-463,STATE_152568000,posterior.trees,true,sample,bayesian,years,Chang2015
posterior-464,STATE_87600000,posterior.trees,true,sample,bayesian,years,Chang2015
posterior-465,STATE_109616000,posterior.trees,true,sample,bayesian,years,Chang2015
posterior-466,STATE_97048000,posterior.trees,true,sample,bayesian,years,Chang2015
posterior-467,STATE_93160000,posterior.trees,true,sample,bayesian,years,Chang2015
posterior-468,STATE_131136000,posterior.trees,true,sample,bayesian,years,Chang2015
posterior-469,STATE_142672000,posterior.trees,true,sample,bayesian,years,Chang2015
posterior-470,STATE_102360000,posterior.trees,true,sample,bayesian,years,Chang2015
posterior-471,STATE_152768000,posterior.trees,true,sample,bayesian,years,Chang2015
posterior-472,STATE_105896000,posterior.trees,true,sample,bayesian,years,Chang2015
posterior-473,STATE_144568000,posterior.trees,true,sample,bayesian,years,Chang2015
posterior-474,STATE_111608000,posterior.trees,true,sample,bayesian,years,Chang2015
posterior-475,STATE_96264000,posterior.trees,true,sample,bayesian,years,Chang2015
posterior-476,STATE_153136000,posterior.trees,true,sample,bayesian,years,Chang2015
posterior-477,STATE_135080000,posterior.trees,true,sample,bayesian,years,Chang2015
posterior-478,STATE_131728000,posterior.trees,true,sample,bayesian,years,Chang2015
posterior-479,STATE_96592000,posterior.trees,true,sample,bayesian,years,Chang2015
posterior-480,STATE_110504000,posterior.trees,true,sample,bayesian,years,Chang2015
posterior-481,STATE_127464000,posterior.trees,true,sample,bayesian,years,Chang2015
posterior-482,STATE_135960000,posterior.trees,true,sample,bayesian,years,Chang2015
posterior-483,STATE_87160000,posterior.trees,true,sample,bayesian,years,Chang2015
posterior-484,STATE_110192000,posterior.trees,true,sample,bayesian,years,Chang2015
posterior-485,STATE_103408000,posterior.trees,true,sample,bayesian,years,Chang2015
posterior-486,STATE_89560000,posterior.trees,true,sample,bayesian,years,Chang2015
posterior-487,STATE_95288000,posterior.trees,true,sample,bayesian,years,Chang2015
posterior-488,STATE_158144000,posterior.trees,true,sample,bayesian,years,Chang2015
posterior-489,STATE_125448000,posterior.trees,true,sample,bayesian,years,Chang2015
posterior-490,STATE_146656000,posterior.trees,true,sample,bayesian,years,Chang2015
posterior-491,STATE_143496000,posterior.trees,true,sample,bayesian,years,Chang2015
posterior-492,STATE_149304000,posterior.trees,true,sample,bayesian,years,Chang2015
posterior-493,STATE_152104000,posterior.trees,true,sample,bayesian,years,Chang2015
posterior-494,STATE_131216000,posterior.trees,true,sample,bayesian,years,Chang2015
posterior-495,STATE_90760000,posterior.trees,true,sample,bayesian,years,Chang2015
posterior-496,STATE_124584000,posterior.trees,true,sample,bayesian,years,Chang2015
posterior-497,STATE_116784000,posterior.trees,true,sample,bayesian,years,Chang2015
posterior-498,STATE_127160000,posterior.trees,true,sample,bayesian,years,Chang2015
posterior-499,STATE_118728000,posterior.trees,true,sample,bayesian,years,Chang2015
posterior-500,STATE_117288000,posterior.trees,true,sample,bayesian,years,Chang2015
posterior-501,STATE_108608000,posterior.trees,true,sample,bayesian,years,Chang2015
posterior-502,STATE_122320000,posterior.trees,true,sample,bayesian,years,Chang2015
posterior-503,STATE_139864000,posterior.trees,true,sample,bayesian,years,Chang2015
posterior-504,STATE_93256000,posterior.trees,true,sample,bayesian,years,Chang2015
posterior-505,STATE_84432000,posterior.trees,true,sample,bayesian,years,Chang2015
posterior-506,STATE_151880000,posterior.trees,true,sample,bayesian,years,Chang2015
posterior-507,STATE_135592000,posterior.trees,true,sample,bayesian,years,Chang2015
posterior-508,STATE_86704000,posterior.trees,true,sample,bayesian,years,Chang2015
posterior-509,STATE_98992000,posterior.trees,true,sample,bayesian,years,Chang2015
posterior-510,STATE_140392000,posterior.trees,true,sample,bayesian,years,Chang2015
posterior-511,STATE_128400000,posterior.trees,true,sample,bayesian,years,Chang2015
posterior-512,STATE_120688000,posterior.trees,true,sample,bayesian,years,Chang2015
posterior-513,STATE_99568000,posterior.trees,true,sample,bayesian,years,Chang2015
posterior-514,STATE_108096000,posterior.trees,true,sample,bayesian,years,Chang2015
posterior-515,STATE_83136000,posterior.trees,true,sample,bayesian,years,Chang2015
posterior-516,STATE_117880000,posterior.trees,true,sample,bayesian,years,Chang2015
posterior-517,STATE_140344000,posterior.trees,true,sample,bayesian,years,Chang2015
posterior-518,STATE_127568000,posterior.trees,true,sample,bayesian,years,Chang2015
posterior-519,STATE_135312000,posterior.trees,true,sample,bayesian,years,Chang2015
posterior-520,STATE_124288000,posterior.trees,true,sample,bayesian,years,Chang2015
posterior-521,STATE_103160000,posterior.trees,true,sample,bayesian,years,Chang2015
posterior-522,STATE_122480000,posterior.trees,true,sample,bayesian,years,Chang2015
posterior-523,STATE_84496000,posterior.trees,true,sample,bayesian,years,Chang2015
posterior-524,STATE_154976000,posterior.trees,true,sample,bayesian,years,Chang2015
posterior-525,STATE_120192000,posterior.trees,true,sample,bayesian,years,Chang2015
posterior-526,STATE_81008000,posterior.trees,true,sample,bayesian,years,Chang2015
posterior-527,STATE_95264000,posterior.trees,true,sample,bayesian,years,Chang2015
posterior-528,STATE_112752000,posterior.trees,true,sample,bayesian,years,Chang2015
posterior-529,STATE_114512000,posterior.trees,true,sample,bayesian,years,Chang2015
posterior-530,STATE_117648000,posterior.trees,true,sample,bayesian,years,Chang2015
posterior-531,STATE_123416000,posterior.trees,true,sample,bayesian,years,Chang2015
posterior-532,STATE_111056000,posterior.trees,true,sample,bayesian,years,Chang2015
posterior-533,STATE_144504000,posterior.trees,true,sample,bayesian,years,Chang2015
posterior-534,STATE_113696000,posterior.trees,true,sample,bayesian,years,Chang2015
posterior-535,STATE_148936000,posterior.trees,true,sample,bayesian,years,Chang2015
posterior-536,STATE_147640000,posterior.trees,true,sample,bayesian,years,Chang2015
posterior-537,STATE_129912000,posterior.trees,true,sample,bayesian,years,Chang2015
posterior-538,STATE_112984000,posterior.trees,true,sample,bayesian,years,Chang2015
posterior-539,STATE_101960000,posterior.trees,true,sample,bayesian,years,Chang2015
posterior-540,STATE_106072000,posterior.trees,true,sample,bayesian,years,Chang2015
posterior-541,STATE_107920000,posterior.trees,true,sample,bayesian,years,Chang2015
posterior-542,STATE_141104000,posterior.trees,true,sample,bayesian,years,Chang2015
posterior-543,STATE_117568000,posterior.trees,true,sample,bayesian,years,Chang2015
posterior-544,STATE_86656000,posterior.trees,true,sample,bayesian,years,Chang2015
posterior-545,STATE_153048000,posterior.trees,true,sample,bayesian,years,Chang2015
posterior-546,STATE_106200000,posterior.trees,true,sample,bayesian,years,Chang2015
posterior-547,STATE_126520000,posterior.trees,true,sample,bayesian,years,Chang2015
posterior-548,STATE_110832000,posterior.trees,true,sample,bayesian,years,Chang2015
posterior-549,STATE_105344000,posterior.trees,true,sample,bayesian,years,Chang2015
posterior-550,STATE_81464000,posterior.trees,true,sample,bayesian,years,Chang2015
posterior-551,STATE_105728000,posterior.trees,true,sample,bayesian,years,Chang2015
posterior-552,STATE_82936000,posterior.trees,true,sample,bayesian,years,Chang2015
posterior-553,STATE_140184000,posterior.trees,true,sample,bayesian,years,Chang2015
posterior-554,STATE_82440000,posterior.trees,true,sample,bayesian,years,Chang2015
posterior-555,STATE_158152000,posterior.trees,true,sample,bayesian,years,Chang2015
posterior-556,STATE_130944000,posterior.trees,true,sample,bayesian,years,Chang2015
posterior-557,STATE_97568000,posterior.trees,true,sample,bayesian,years,Chang2015
posterior-558,STATE_158568000,posterior.trees,true,sample,bayesian,years,Chang2015
posterior-559,STATE_106192000,posterior.trees,true,sample,bayesian,years,Chang2015
posterior-560,STATE_116864000,posterior.trees,true,sample,bayesian,years,Chang2015
posterior-561,STATE_120632000,posterior.trees,true,sample,bayesian,years,Chang2015
posterior-562,STATE_156912000,posterior.trees,true,sample,bayesian,years,Chang2015
posterior-563,STATE_85776000,posterior.trees,true,sample,bayesian,years,Chang2015
posterior-564,STATE_92176000,posterior.trees,true,sample,bayesian,years,Chang2015
posterior-565,STATE_117960000,posterior.trees,true,sample,bayesian,years,Chang2015
posterior-566,STATE_149176000,posterior.trees,true,sample,bayesian,years,Chang2015
posterior-567,STATE_137352000,posterior.trees,true,sample,bayesian,years,Chang2015
posterior-568,STATE_139096000,posterior.trees,true,sample,bayesian,years,Chang2015
posterior-569,STATE_102312000,posterior.trees,true,sample,bayesian,years,Chang2015
posterior-570,STATE_139608000,posterior.trees,true,sample,bayesian,years,Chang2015
posterior-571,STATE_129296000,posterior.trees,true,sample,bayesian,years,Chang2015
posterior-572,STATE_110040000,posterior.trees,true,sample,bayesian,years,Chang2015
posterior-573,STATE_87240000,posterior.trees,true,sample,bayesian,years,Chang2015
posterior-574,STATE_146864000,posterior.trees,true,sample,bayesian,years,Chang2015
posterior-575,STATE_130288000,posterior.trees,true,sample,bayesian,years,Chang2015
posterior-576,STATE_136616000,posterior.trees,true,sample,bayesian,years,Chang2015
posterior-577,STATE_96440000,posterior.trees,true,sample,bayesian,years,Chang2015
posterior-578,STATE_95704000,posterior.trees,true,sample,bayesian,years,Chang2015
posterior-579,STATE_120736000,posterior.trees,true,sample,bayesian,years,Chang2015
posterior-580,STATE_118456000,posterior.trees,true,sample,bayesian,years,Chang2015
posterior-581,STATE_97872000,posterior.trees,true,sample,bayesian,years,Chang2015
posterior-582,STATE_99368000,posterior.trees,true,sample,bayesian,years,Chang2015
posterior-583,STATE_129264000,posterior.trees,true,sample,bayesian,years,Chang2015
posterior-584,STATE_93784000,posterior.trees,true,sample,bayesian,years,Chang2015
posterior-585,STATE_99680000,posterior.trees,true,sample,bayesian,years,Chang2015
posterior-586,STATE_86712000,posterior.trees,true,sample,bayesian,years,Chang2015
posterior-587,STATE_102832000,posterior.trees,true,sample,bayesian,years,Chang2015
posterior-588,STATE_103456000,posterior.trees,true,sample,bayesian,years,Chang2015
posterior-589,STATE_126568000,posterior.trees,true,sample,bayesian,years,Chang2015
posterior-590,STATE_90264000,posterior.trees,true,sample,bayesian,years,Chang2015
posterior-591,STATE_118528000,posterior.trees,true,sample,bayesian,years,Chang2015
posterior-592,STATE_83272000,posterior.trees,true,sample,bayesian,years,Chang2015
posterior-593,STATE_123280000,posterior.trees,true,sample,bayesian,years,Chang2015
posterior-594,STATE_157168000,posterior.trees,true,sample,bayesian,years,Chang2015
posterior-595,STATE_131744000,posterior.trees,true,sample,bayesian,years,Chang2015
posterior-596,STATE_142528000,posterior.trees,true,sample,bayesian,years,Chang2015
posterior-597,STATE_117256000,posterior.trees,true,sample,bayesian,years,Chang2015
posterior-598,STATE_112400000,posterior.trees,true,sample,bayesian,years,Chang2015
posterior-599,STATE_102528000,posterior.trees,true,sample,bayesian,years,Chang2015
posterior-600,STATE_157752000,posterior.trees,true,sample,bayesian,years,Chang2015
posterior-601,STATE_90904000,posterior.trees,true,sample,bayesian,years,Chang2015
posterior-602,STATE_81584000,posterior.trees,true,sample,bayesian,years,Chang2015
posterior-603,STATE_148712000,posterior.trees,true,sample,bayesian,years,Chang2015
posterior-604,STATE_108368000,posterior.trees,true,sample,bayesian,years,Chang2015
posterior-605,STATE_81296000,posterior.trees,true,sample,bayesian,years,Chang2015
posterior-606,STATE_104088000,posterior.trees,true,sample,bayesian,years,Chang2015
posterior-607,STATE_159376000,posterior.trees,true,sample,bayesian,years,Chang2015
posterior-608,STATE_137128000,posterior.trees,true,sample,bayesian,years,Chang2015
posterior-609,STATE_119008000,posterior.trees,true,sample,bayesian,years,Chang2015
posterior-610,STATE_113912000,posterior.trees,true,sample,bayesian,years,Chang2015
posterior-611,STATE_137800000,posterior.trees,true,sample,bayesian,years,Chang2015
posterior-612,STATE_153544000,posterior.trees,true,sample,bayesian,years,Chang2015
posterior-613,STATE_141704000,posterior.trees,true,sample,bayesian,years,Chang2015
posterior-614,STATE_128528000,posterior.trees,true,sample,bayesian,years,Chang2015
posterior-615,STATE_122896000,posterior.trees,true,sample,bayesian,years,Chang2015
posterior-616,STATE_110096000,posterior.trees,true,sample,bayesian,years,Chang2015
posterior-617,STATE_84824000,posterior.trees,true,sample,bayesian,years,Chang2015
posterior-618,STATE_144856000,posterior.trees,true,sample,bayesian,years,Chang2015
posterior-619,STATE_110656000,posterior.trees,true,sample,bayesian,years,Chang2015
posterior-620,STATE_103008000,posterior.trees,true,sample,bayesian,years,Chang2015
posterior-621,STATE_105944000,posterior.trees,true,sample,bayesian,years,Chang2015
posterior-622,STATE_102048000,posterior.trees,true,sample,bayesian,years,Chang2015
posterior-623,STATE_125720000,posterior.trees,true,sample,bayesian,years,Chang2015
posterior-624,STATE_145800000,posterior.trees,true,sample,bayesian,years,Chang2015
posterior-625,STATE_152552000,posterior.trees,true,sample,bayesian,years,Chang2015
posterior-626,STATE_129440000,posterior.trees,true,sample,bayesian,years,Chang2015
posterior-627,STATE_142696000,posterior.trees,true,sample,bayesian,years,Chang2015
posterior-628,STATE_107408000,posterior.trees,true,sample,bayesian,years,Chang2015
posterior-629,STATE_92064000,posterior.trees,true,sample,bayesian,years,Chang2015
posterior-630,STATE_93400000,posterior.trees,true,sample,bayesian,years,Chang2015
posterior-631,STATE_154856000,posterior.trees,true,sample,bayesian,years,Chang2015
posterior-632,STATE_145264000,posterior.trees,true,sample,bayesian,years,Chang2015
posterior-633,STATE_154624000,posterior.trees,true,sample,bayesian,years,Chang2015
posterior-634,STATE_139800000,posterior.trees,true,sample,bayesian,years,Chang2015
posterior-635,STATE_96904000,posterior.trees,true,sample,bayesian,years,Chang2015
posterior-636,STATE_127384000,posterior.trees,true,sample,bayesian,years,Chang2015
posterior-637,STATE_138720000,posterior.trees,true,sample,bayesian,years,Chang2015
posterior-638,STATE_83608000,posterior.trees,true,sample,bayesian,years,Chang2015
posterior-639,STATE_136488000,posterior.trees,true,sample,bayesian,years,Chang2015
posterior-640,STATE_106696000,posterior.trees,true,sample,bayesian,years,Chang2015
posterior-641,STATE_119344000,posterior.trees,true,sample,bayesian,years,Chang2015
posterior-642,STATE_154376000,posterior.trees,true,sample,bayesian,years,Chang2015
posterior-643,STATE_128008000,posterior.trees,true,sample,bayesian,years,Chang2015
posterior-644,STATE_115096000,posterior.trees,true,sample,bayesian,years,Chang2015
posterior-645,STATE_105840000,posterior.trees,true,sample,bayesian,years,Chang2015
posterior-646,STATE_129080000,posterior.trees,true,sample,bayesian,years,Chang2015
posterior-647,STATE_133000000,posterior.trees,true,sample,bayesian,years,Chang2015
posterior-648,STATE_108600000,posterior.trees,true,sample,bayesian,years,Chang2015
posterior-649,STATE_127616000,posterior.trees,true,sample,bayesian,years,Chang2015
posterior-650,STATE_100280000,posterior.trees,true,sample,bayesian,years,Chang2015
posterior-651,STATE_145080000,posterior.trees,true,sample,bayesian,years,Chang2015
posterior-652,STATE_87248000,posterior.trees,true,sample,bayesian,years,Chang2015
posterior-653,STATE_146616000,posterior.trees,true,sample,bayesian,years,Chang2015
posterior-654,STATE_81872000,posterior.trees,true,sample,bayesian,years,Chang2015
posterior-655,STATE_157680000,posterior.trees,true,sample,bayesian,years,Chang2015
posterior-656,STATE_144384000,posterior.trees,true,sample,bayesian,years,Chang2015
posterior-657,STATE_157424000,posterior.trees,true,sample,bayesian,years,Chang2015
posterior-658,STATE_87088000,posterior.trees,true,sample,bayesian,years,Chang2015
posterior-659,STATE_92696000,posterior.trees,true,sample,bayesian,years,Chang2015
posterior-660,STATE_132504000,posterior.trees,true,sample,bayesian,years,Chang2015
posterior-661,STATE_139360000,posterior.trees,true,sample,bayesian,years,Chang2015
posterior-662,STATE_113352000,posterior.trees,true,sample,bayesian,years,Chang2015
posterior-663,STATE_148848000,posterior.trees,true,sample,bayesian,years,Chang2015
posterior-664,STATE_132352000,posterior.trees,true,sample,bayesian,years,Chang2015
posterior-665,STATE_130968000,posterior.trees,true,sample,bayesian,years,Chang2015
posterior-666,STATE_94432000,posterior.trees,true,sample,bayesian,years,Chang2015
posterior-667,STATE_158912000,posterior.trees,true,sample,bayesian,years,Chang2015
posterior-668,STATE_156696000,posterior.trees,true,sample,bayesian,years,Chang2015
posterior-669,STATE_88384000,posterior.trees,true,sample,bayesian,years,Chang2015
posterior-670,STATE_108240000,posterior.trees,true,sample,bayesian,years,Chang2015
posterior-671,STATE_141352000,posterior.trees,true,sample,bayesian,years,Chang2015
posterior-672,STATE_92200000,posterior.trees,true,sample,bayesian,years,Chang2015
posterior-673,STATE_95712000,posterior.trees,true,sample,bayesian,years,Chang2015
posterior-674,STATE_158624000,posterior.trees,true,sample,bayesian,years,Chang2015
posterior-675,STATE_159040000,posterior.trees,true,sample,bayesian,years,Chang2015
posterior-676,STATE_96752000,posterior.trees,true,sample,bayesian,years,Chang2015
posterior-677,STATE_129792000,posterior.trees,true,sample,bayesian,years,Chang2015
posterior-678,STATE_132936000,posterior.trees,true,sample,bayesian,years,Chang2015
posterior-679,STATE_106608000,posterior.trees,true,sample,bayesian,years,Chang2015
posterior-680,STATE_105744000,posterior.trees,true,sample,bayesian,years,Chang2015
posterior-681,STATE_158800000,posterior.trees,true,sample,bayesian,years,Chang2015
posterior-682,STATE_137432000,posterior.trees,true,sample,bayesian,years,Chang2015
posterior-683,STATE_112616000,posterior.trees,true,sample,bayesian,years,Chang2015
posterior-684,STATE_101200000,posterior.trees,true,sample,bayesian,years,Chang2015
posterior-685,STATE_84096000,posterior.trees,true,sample,bayesian,years,Chang2015
posterior-686,STATE_117456000,posterior.trees,true,sample,bayesian,years,Chang2015
posterior-687,STATE_158296000,posterior.trees,true,sample,bayesian,years,Chang2015
posterior-688,STATE_117008000,posterior.trees,true,sample,bayesian,years,Chang2015
posterior-689,STATE_143440000,posterior.trees,true,sample,bayesian,years,Chang2015
posterior-690,STATE_103376000,posterior.trees,true,sample,bayesian,years,Chang2015
posterior-691,STATE_132168000,posterior.trees,true,sample,bayesian,years,Chang2015
posterior-692,STATE_154920000,posterior.trees,true,sample,bayesian,years,Chang2015
posterior-693,STATE_135016000,posterior.trees,true,sample,bayesian,years,Chang2015
posterior-694,STATE_152736000,posterior.trees,true,sample,bayesian,years,Chang2015
posterior-695,STATE_138080000,posterior.trees,true,sample,bayesian,years,Chang2015
posterior-696,STATE_112232000,posterior.trees,true,sample,bayesian,years,Chang2015
posterior-697,STATE_155032000,posterior.trees,true,sample,bayesian,years,Chang2015
posterior-698,STATE_135480000,posterior.trees,true,sample,bayesian,years,Chang2015
posterior-699,STATE_143504000,posterior.trees,true,sample,bayesian,years,Chang2015
posterior-700,STATE_138728000,posterior.trees,true,sample,bayesian,years,Chang2015
posterior-701,STATE_153560000,posterior.trees,true,sample,bayesian,years,Chang2015
posterior-702,STATE_87936000,posterior.trees,true,sample,bayesian,years,Chang2015
posterior-703,STATE_93512000,posterior.trees,true,sample,bayesian,years,Chang2015
posterior-704,STATE_107488000,posterior.trees,true,sample,bayesian,years,Chang2015
posterior-705,STATE_116224000,posterior.trees,true,sample,bayesian,years,Chang2015
posterior-706,STATE_138920000,posterior.trees,true,sample,bayesian,years,Chang2015
posterior-707,STATE_149232000,posterior.trees,true,sample,bayesian,years,Chang2015
posterior-708,STATE_82344000,posterior.trees,true,sample,bayesian,years,Chang2015
posterior-709,STATE_87376000,posterior.trees,true,sample,bayesian,years,Chang2015
posterior-710,STATE_98544000,posterior.trees,true,sample,bayesian,years,Chang2015
posterior-711,STATE_116152000,posterior.trees,true,sample,bayesian,years,Chang2015
posterior-712,STATE_98088000,posterior.trees,true,sample,bayesian,years,Chang2015
posterior-713,STATE_100864000,posterior.trees,true,sample,bayesian,years,Chang2015
posterior-714,STATE_157144000,posterior.trees,true,sample,bayesian,years,Chang2015
posterior-715,STATE_145200000,posterior.trees,true,sample,bayesian,years,Chang2015
posterior-716,STATE_153552000,posterior.trees,true,sample,bayesian,years,Chang2015
posterior-717,STATE_83032000,posterior.trees,true,sample,bayesian,years,Chang2015
posterior-718,STATE_158400000,posterior.trees,true,sample,bayesian,years,Chang2015
posterior-719,STATE_86208000,posterior.trees,true,sample,bayesian,years,Chang2015
posterior-720,STATE_159488000,posterior.trees,true,sample,bayesian,years,Chang2015
posterior-721,STATE_129208000,posterior.trees,true,sample,bayesian,years,Chang2015
posterior-722,STATE_97800000,posterior.trees,true,sample,bayesian,years,Chang2015
posterior-723,STATE_121560000,posterior.trees,true,sample,bayesian,years,Chang2015
posterior-724,STATE_84640000,posterior.trees,true,sample,bayesian,years,Chang2015
posterior-725,STATE_87992000,posterior.trees,true,sample,bayesian,years,Chang2015
posterior-726,STATE_110376000,posterior.trees,true,sample,bayesian,years,Chang2015
posterior-727,STATE_140000000,posterior.trees,true,sample,bayesian,years,Chang2015
posterior-728,STATE_136608000,posterior.trees,true,sample,bayesian,years,Chang2015
posterior-729,STATE_93032000,posterior.trees,true,sample,bayesian,years,Chang2015
posterior-730,STATE_84816000,posterior.trees,true,sample,bayesian,years,Chang2015
posterior-731,STATE_147024000,posterior.trees,true,sample,bayesian,years,Chang2015
posterior-732,STATE_125544000,posterior.trees,true,sample,bayesian,years,Chang2015
posterior-733,STATE_91392000,posterior.trees,true,sample,bayesian,years,Chang2015
posterior-734,STATE_112208000,posterior.trees,true,sample,bayesian,years,Chang2015
posterior-735,STATE_134296000,posterior.trees,true,sample,bayesian,years,Chang2015
posterior-736,STATE_127520000,posterior.trees,true,sample,bayesian,years,Chang2015
posterior-737,STATE_100768000,posterior.trees,true,sample,bayesian,years,Chang2015
posterior-738,STATE_85616000,posterior.trees,true,sample,bayesian,years,Chang2015
posterior-739,STATE_156448000,posterior.trees,true,sample,bayesian,years,Chang2015
posterior-740,STATE_126032000,posterior.trees,true,sample,bayesian,years,Chang2015
posterior-741,STATE_156744000,posterior.trees,true,sample,bayesian,years,Chang2015
posterior-742,STATE_120664000,posterior.trees,true,sample,bayesian,years,Chang2015
posterior-743,STATE_102416000,posterior.trees,true,sample,bayesian,years,Chang2015
posterior-744,STATE_123504000,posterior.trees,true,sample,bayesian,years,Chang2015
posterior-745,STATE_92336000,posterior.trees,true,sample,bayesian,years,Chang2015
posterior-746,STATE_123360000,posterior.trees,true,sample,bayesian,years,Chang2015
posterior-747,STATE_110320000,posterior.trees,true,sample,bayesian,years,Chang2015
posterior-748,STATE_136296000,posterior.trees,true,sample,bayesian,years,Chang2015
posterior-749,STATE_86800000,posterior.trees,true,sample,bayesian,years,Chang2015
posterior-750,STATE_85952000,posterior.trees,true,sample,bayesian,years,Chang2015
posterior-751,STATE_129224000,posterior.trees,true,sample,bayesian,years,Chang2015
posterior-752,STATE_109952000,posterior.trees,true,sample,bayesian,years,Chang2015
posterior-753,STATE_135648000,posterior.trees,true,sample,bayesian,years,Chang2015
posterior-754,STATE_91128000,posterior.trees,true,sample,bayesian,years,Chang2015
posterior-755,STATE_83800000,posterior.trees,true,sample,bayesian,years,Chang2015
posterior-756,STATE_123448000,posterior.trees,true,sample,bayesian,years,Chang2015
posterior-757,STATE_113840000,posterior.trees,true,sample,bayesian,years,Chang2015
posterior-758,STATE_92720000,posterior.trees,true,sample,bayesian,years,Chang2015
posterior-759,STATE_133936000,posterior.trees,true,sample,bayesian,years,Chang2015
posterior-760,STATE_133368000,posterior.trees,true,sample,bayesian,years,Chang2015
posterior-761,STATE_135376000,posterior.trees,true,sample,bayesian,years,Chang2015
posterior-762,STATE_111504000,posterior.trees,true,sample,bayesian,years,Chang2015
posterior-763,STATE_126120000,posterior.trees,true,sample,bayesian,years,Chang2015
posterior-764,STATE_104408000,posterior.trees,true,sample,bayesian,years,Chang2015
posterior-765,STATE_110000000,posterior.trees,true,sample,bayesian,years,Chang2015
posterior-766,STATE_154576000,posterior.trees,true,sample,bayesian,years,Chang2015
posterior-767,STATE_124064000,posterior.trees,true,sample,bayesian,years,Chang2015
posterior-768,STATE_128200000,posterior.trees,true,sample,bayesian,years,Chang2015
posterior-769,STATE_87480000,posterior.trees,true,sample,bayesian,years,Chang2015
posterior-770,STATE_146976000,posterior.trees,true,sample,bayesian,years,Chang2015
posterior-771,STATE_116992000,posterior.trees,true,sample,bayesian,years,Chang2015
posterior-772,STATE_116896000,posterior.trees,true,sample,bayesian,years,Chang2015
posterior-773,STATE_104568000,posterior.trees,true,sample,bayesian,years,Chang2015
posterior-774,STATE_139336000,posterior.trees,true,sample,bayesian,years,Chang2015
posterior-775,STATE_133728000,posterior.trees,true,sample,bayesian,years,Chang2015
posterior-776,STATE_147344000,posterior.trees,true,sample,bayesian,years,Chang2015
posterior-777,STATE_97712000,posterior.trees,true,sample,bayesian,years,Chang2015
posterior-778,STATE_101912000,posterior.trees,true,sample,bayesian,years,Chang2015
posterior-779,STATE_155712000,posterior.trees,true,sample,bayesian,years,Chang2015
posterior-780,STATE_150296000,posterior.trees,true,sample,bayesian,years,Chang2015
posterior-781,STATE_132432000,posterior.trees,true,sample,bayesian,years,Chang2015
posterior-782,STATE_134912000,posterior.trees,true,sample,bayesian,years,Chang2015
posterior-783,STATE_146064000,posterior.trees,true,sample,bayesian,years,Chang2015
posterior-784,STATE_106376000,posterior.trees,true,sample,bayesian,years,Chang2015
posterior-785,STATE_139064000,posterior.trees,true,sample,bayesian,years,Chang2015
posterior-786,STATE_130032000,posterior.trees,true,sample,bayesian,years,Chang2015
posterior-787,STATE_95632000,posterior.trees,true,sample,bayesian,years,Chang2015
posterior-788,STATE_123744000,posterior.trees,true,sample,bayesian,years,Chang2015
posterior-789,STATE_108352000,posterior.trees,true,sample,bayesian,years,Chang2015
posterior-790,STATE_104472000,posterior.trees,true,sample,bayesian,years,Chang2015
posterior-791,STATE_135296000,posterior.trees,true,sample,bayesian,years,Chang2015
posterior-792,STATE_147896000,posterior.trees,true,sample,bayesian,years,Chang2015
posterior-793,STATE_128576000,posterior.trees,true,sample,bayesian,years,Chang2015
posterior-794,STATE_142824000,posterior.trees,true,sample,bayesian,years,Chang2015
posterior-795,STATE_122160000,posterior.trees,true,sample,bayesian,years,Chang2015
posterior-796,STATE_94280000,posterior.trees,true,sample,bayesian,years,Chang2015
posterior-797,STATE_132416000,posterior.trees,true,sample,bayesian,years,Chang2015
posterior-798,STATE_150184000,posterior.trees,true,sample,bayesian,years,Chang2015
posterior-799,STATE_82592000,posterior.trees,true,sample,bayesian,years,Chang2015
posterior-800,STATE_106536000,posterior.trees,true,sample,bayesian,years,Chang2015
posterior-801,STATE_98096000,posterior.trees,true,sample,bayesian,years,Chang2015
posterior-802,STATE_141544000,posterior.trees,true,sample,bayesian,years,Chang2015
posterior-803,STATE_113400000,posterior.trees,true,sample,bayesian,years,Chang2015
posterior-804,STATE_146248000,posterior.trees,true,sample,bayesian,years,Chang2015
posterior-805,STATE_108552000,posterior.trees,true,sample,bayesian,years,Chang2015
posterior-806,STATE_155160000,posterior.trees,true,sample,bayesian,years,Chang2015
posterior-807,STATE_141936000,posterior.trees,true,sample,bayesian,years,Chang2015
posterior-808,STATE_115320000,posterior.trees,true,sample,bayesian,years,Chang2015
posterior-809,STATE_103656000,posterior.trees,true,sample,bayesian,years,Chang2015
posterior-810,STATE_142664000,posterior.trees,true,sample,bayesian,years,Chang2015
posterior-811,STATE_135656000,posterior.trees,true,sample,bayesian,years,Chang2015
posterior-812,STATE_156144000,posterior.trees,true,sample,bayesian,years,Chang2015
posterior-813,STATE_120296000,posterior.trees,true,sample,bayesian,years,Chang2015
posterior-814,STATE_101352000,posterior.trees,true,sample,bayesian,years,Chang2015
posterior-815,STATE_132128000,posterior.trees,true,sample,bayesian,years,Chang2015
posterior-816,STATE_159224000,posterior.trees,true,sample,bayesian,years,Chang2015
posterior-817,STATE_112832000,posterior.trees,true,sample,bayesian,years,Chang2015
posterior-818,STATE_107144000,posterior.trees,true,sample,bayesian,years,Chang2015
posterior-819,STATE_134888000,posterior.trees,true,sample,bayesian,years,Chang2015
posterior-820,STATE_155248000,posterior.trees,true,sample,bayesian,years,Chang2015
posterior-821,STATE_142232000,posterior.trees,true,sample,bayesian,years,Chang2015
posterior-822,STATE_109664000,posterior.trees,true,sample,bayesian,years,Chang2015
posterior-823,STATE_142024000,posterior.trees,true,sample,bayesian,years,Chang2015
posterior-824,STATE_89800000,posterior.trees,true,sample,bayesian,years,Chang2015
posterior-825,STATE_123288000,posterior.trees,true,sample,bayesian,years,Chang2015
posterior-826,STATE_126776000,posterior.trees,true,sample,bayesian,years,Chang2015
posterior-827,STATE_94336000,posterior.trees,true,sample,bayesian,years,Chang2015
posterior-828,STATE_97136000,posterior.trees,true,sample,bayesian,years,Chang2015
posterior-829,STATE_130200000,posterior.trees,true,sample,bayesian,years,Chang2015
posterior-830,STATE_142152000,posterior.trees,true,sample,bayesian,years,Chang2015
posterior-831,STATE_133480000,posterior.trees,true,sample,bayesian,years,Chang2015
posterior-832,STATE_110424000,posterior.trees,true,sample,bayesian,years,Chang2015
posterior-833,STATE_134584000,posterior.trees,true,sample,bayesian,years,Chang2015
posterior-834,STATE_101512000,posterior.trees,true,sample,bayesian,years,Chang2015
posterior-835,STATE_156480000,posterior.trees,true,sample,bayesian,years,Chang2015
posterior-836,STATE_127736000,posterior.trees,true,sample,bayesian,years,Chang2015
posterior-837,STATE_123072000,posterior.trees,true,sample,bayesian,years,Chang2015
posterior-838,STATE_87888000,posterior.trees,true,sample,bayesian,years,Chang2015
posterior-839,STATE_137760000,posterior.trees,true,sample,bayesian,years,Chang2015
posterior-840,STATE_112168000,posterior.trees,true,sample,bayesian,years,Chang2015
posterior-841,STATE_112280000,posterior.trees,true,sample,bayesian,years,Chang2015
posterior-842,STATE_130416000,posterior.trees,true,sample,bayesian,years,Chang2015
posterior-843,STATE_147824000,posterior.trees,true,sample,bayesian,years,Chang2015
posterior-844,STATE_98760000,posterior.trees,true,sample,bayesian,years,Chang2015
posterior-845,STATE_146368000,posterior.trees,true,sample,bayesian,years,Chang2015
posterior-846,STATE_110400000,posterior.trees,true,sample,bayesian,years,Chang2015
posterior-847,STATE_141728000,posterior.trees,true,sample,bayesian,years,Chang2015
posterior-848,STATE_85336000,posterior.trees,true,sample,bayesian,years,Chang2015
posterior-849,STATE_149624000,posterior.trees,true,sample,bayesian,years,Chang2015
posterior-850,STATE_124872000,posterior.trees,true,sample,bayesian,years,Chang2015
posterior-851,STATE_126152000,posterior.trees,true,sample,bayesian,years,Chang2015
posterior-852,STATE_132264000,posterior.trees,true,sample,bayesian,years,Chang2015
posterior-853,STATE_113464000,posterior.trees,true,sample,bayesian,years,Chang2015
posterior-854,STATE_143128000,posterior.trees,true,sample,bayesian,years,Chang2015
posterior-855,STATE_94368000,posterior.trees,true,sample,bayesian,years,Chang2015
posterior-856,STATE_152640000,posterior.trees,true,sample,bayesian,years,Chang2015
posterior-857,STATE_109712000,posterior.trees,true,sample,bayesian,years,Chang2015
posterior-858,STATE_104000000,posterior.trees,true,sample,bayesian,years,Chang2015
posterior-859,STATE_81352000,posterior.trees,true,sample,bayesian,years,Chang2015
posterior-860,STATE_88016000,posterior.trees,true,sample,bayesian,years,Chang2015
posterior-861,STATE_151616000,posterior.trees,true,sample,bayesian,years,Chang2015
posterior-862,STATE_107752000,posterior.trees,true,sample,bayesian,years,Chang2015
posterior-863,STATE_128176000,posterior.trees,true,sample,bayesian,years,Chang2015
posterior-864,STATE_92032000,posterior.trees,true,sample,bayesian,years,Chang2015
posterior-865,STATE_117832000,posterior.trees,true,sample,bayesian,years,Chang2015
posterior-866,STATE_90944000,posterior.trees,true,sample,bayesian,years,Chang2015
posterior-867,STATE_138928000,posterior.trees,true,sample,bayesian,years,Chang2015
posterior-868,STATE_128128000,posterior.trees,true,sample,bayesian,years,Chang2015
posterior-869,STATE_143664000,posterior.trees,true,sample,bayesian,years,Chang2015
posterior-870,STATE_126000000,posterior.trees,true,sample,bayesian,years,Chang2015
posterior-871,STATE_119216000,posterior.trees,true,sample,bayesian,years,Chang2015
posterior-872,STATE_147776000,posterior.trees,true,sample,bayesian,years,Chang2015
posterior-873,STATE_86400000,posterior.trees,true,sample,bayesian,years,Chang2015
posterior-874,STATE_114920000,posterior.trees,true,sample,bayesian,years,Chang2015
posterior-875,STATE_105616000,posterior.trees,true,sample,bayesian,years,Chang2015
posterior-876,STATE_103696000,posterior.trees,true,sample,bayesian,years,Chang2015
posterior-877,STATE_119176000,posterior.trees,true,sample,bayesian,years,Chang2015
posterior-878,STATE_147440000,posterior.trees,true,sample,bayesian,years,Chang2015
posterior-879,STATE_130472000,posterior.trees,true,sample,bayesian,years,Chang2015
posterior-880,STATE_138040000,posterior.trees,true,sample,bayesian,years,Chang2015
posterior-881,STATE_135168000,posterior.trees,true,sample,bayesian,years,Chang2015
posterior-882,STATE_145608000,posterior.trees,true,sample,bayesian,years,Chang2015
posterior-883,STATE_94512000,posterior.trees,true,sample,bayesian,years,Chang2015
posterior-884,STATE_118376000,posterior.trees,true,sample,bayesian,years,Chang2015
posterior-885,STATE_133080000,posterior.trees,true,sample,bayesian,years,Chang2015
posterior-886,STATE_107352000,posterior.trees,true,sample,bayesian,years,Chang2015
posterior-887,STATE_101776000,posterior.trees,true,sample,bayesian,years,Chang2015
posterior-888,STATE_109352000,posterior.trees,true,sample,bayesian,years,Chang2015
posterior-889,STATE_83056000,posterior.trees,true,sample,bayesian,years,Chang2015
posterior-890,STATE_80304000,posterior.trees,true,sample,bayesian,years,Chang2015
posterior-891,STATE_126488000,posterior.trees,true,sample,bayesian,years,Chang2015
posterior-892,STATE_118824000,posterior.trees,true,sample,bayesian,years,Chang2015
posterior-893,STATE_153064000,posterior.trees,true,sample,bayesian,years,Chang2015
posterior-894,STATE_95944000,posterior.trees,true,sample,bayesian,years,Chang2015
posterior-895,STATE_89496000,posterior.trees,true,sample,bayesian,years,Chang2015
posterior-896,STATE_90832000,posterior.trees,true,sample,bayesian,years,Chang2015
posterior-897,STATE_147208000,posterior.trees,true,sample,bayesian,years,Chang2015
posterior-898,STATE_111584000,posterior.trees,true,sample,bayesian,years,Chang2015
posterior-899,STATE_128552000,posterior.trees,true,sample,bayesian,years,Chang2015
posterior-900,STATE_124472000,posterior.trees,true,sample,bayesian,years,Chang2015
posterior-901,STATE_104464000,posterior.trees,true,sample,bayesian,years,Chang2015
posterior-902,STATE_115384000,posterior.trees,true,sample,bayesian,years,Chang2015
posterior-903,STATE_143232000,posterior.trees,true,sample,bayesian,years,Chang2015
posterior-904,STATE_105576000,posterior.trees,true,sample,bayesian,years,Chang2015
posterior-905,STATE_80392000,posterior.trees,true,sample,bayesian,years,Chang2015
posterior-906,STATE_91448000,posterior.trees,true,sample,bayesian,years,Chang2015
posterior-907,STATE_80056000,posterior.trees,true,sample,bayesian,years,Chang2015
posterior-908,STATE_123136000,posterior.trees,true,sample,bayesian,years,Chang2015
posterior-909,STATE_135584000,posterior.trees,true,sample,bayesian,years,Chang2015
posterior-910,STATE_118160000,posterior.trees,true,sample,bayesian,years,Chang2015
posterior-911,STATE_115104000,posterior.trees,true,sample,bayesian,years,Chang2015
posterior-912,STATE_107000000,posterior.trees,true,sample,bayesian,years,Chang2015
posterior-913,STATE_133224000,posterior.trees,true,sample,bayesian,years,Chang2015
posterior-914,STATE_100728000,posterior.trees,true,sample,bayesian,years,Chang2015
posterior-915,STATE_94320000,posterior.trees,true,sample,bayesian,years,Chang2015
posterior-916,STATE_80432000,posterior.trees,true,sample,bayesian,years,Chang2015
posterior-917,STATE_82176000,posterior.trees,true,sample,bayesian,years,Chang2015
posterior-918,STATE_157712000,posterior.trees,true,sample,bayesian,years,Chang2015
posterior-919,STATE_102344000,posterior.trees,true,sample,bayesian,years,Chang2015
posterior-920,STATE_84392000,posterior.trees,true,sample,bayesian,years,Chang2015
posterior-921,STATE_152208000,posterior.trees,true,sample,bayesian,years,Chang2015
posterior-922,STATE_106768000,posterior.trees,true,sample,bayesian,years,Chang2015
posterior-923,STATE_126360000,posterior.trees,true,sample,bayesian,years,Chang2015
posterior-924,STATE_82368000,posterior.trees,true,sample,bayesian,years,Chang2015
posterior-925,STATE_117056000,posterior.trees,true,sample,bayesian,years,Chang2015
posterior-926,STATE_85368000,posterior.trees,true,sample,bayesian,years,Chang2015
posterior-927,STATE_114056000,posterior.trees,true,sample,bayesian,years,Chang2015
posterior-928,STATE_143800000,posterior.trees,true,sample,bayesian,years,Chang2015
posterior-929,STATE_152728000,posterior.trees,true,sample,bayesian,years,Chang2015
posterior-930,STATE_145536000,posterior.trees,true,sample,bayesian,years,Chang2015
posterior-931,STATE_117896000,posterior.trees,true,sample,bayesian,years,Chang2015
posterior-932,STATE_128496000,posterior.trees,true,sample,bayesian,years,Chang2015
posterior-933,STATE_116128000,posterior.trees,true,sample,bayesian,years,Chang2015
posterior-934,STATE_136848000,posterior.trees,true,sample,bayesian,years,Chang2015
posterior-935,STATE_123296000,posterior.trees,true,sample,bayesian,years,Chang2015
posterior-936,STATE_112016000,posterior.trees,true,sample,bayesian,years,Chang2015
posterior-937,STATE_141616000,posterior.trees,true,sample,bayesian,years,Chang2015
posterior-938,STATE_88328000,posterior.trees,true,sample,bayesian,years,Chang2015
posterior-939,STATE_150696000,posterior.trees,true,sample,bayesian,years,Chang2015
posterior-940,STATE_128240000,posterior.trees,true,sample,bayesian,years,Chang2015
posterior-941,STATE_96856000,posterior.trees,true,sample,bayesian,years,Chang2015
posterior-942,STATE_84016000,posterior.trees,true,sample,bayesian,years,Chang2015
posterior-943,STATE_128624000,posterior.trees,true,sample,bayesian,years,Chang2015
posterior-944,STATE_106784000,posterior.trees,true,sample,bayesian,years,Chang2015
posterior-945,STATE_102040000,posterior.trees,true,sample,bayesian,years,Chang2015
posterior-946,STATE_95472000,posterior.trees,true,sample,bayesian,years,Chang2015
posterior-947,STATE_153144000,posterior.trees,true,sample,bayesian,years,Chang2015
posterior-948,STATE_134880000,posterior.trees,true,sample,bayesian,years,Chang2015
posterior-949,STATE_126920000,posterior.trees,true,sample,bayesian,years,Chang2015
posterior-950,STATE_116952000,posterior.trees,true,sample,bayesian,years,Chang2015
posterior-951,STATE_148208000,posterior.trees,true,sample,bayesian,years,Chang2015
posterior-952,STATE_115360000,posterior.trees,true,sample,bayesian,years,Chang2015
posterior-953,STATE_140504000,posterior.trees,true,sample,bayesian,years,Chang2015
posterior-954,STATE_111120000,posterior.trees,true,sample,bayesian,years,Chang2015
posterior-955,STATE_150328000,posterior.trees,true,sample,bayesian,years,Chang2015
posterior-956,STATE_157952000,posterior.trees,true,sample,bayesian,years,Chang2015
posterior-957,STATE_97552000,posterior.trees,true,sample,bayesian,years,Chang2015
posterior-958,STATE_146104000,posterior.trees,true,sample,bayesian,years,Chang2015
posterior-959,STATE_112808000,posterior.trees,true,sample,bayesian,years,Chang2015
posterior-960,STATE_92464000,posterior.trees,true,sample,bayesian,years,Chang2015
posterior-961,STATE_156368000,posterior.trees,true,sample,bayesian,years,Chang2015
posterior-962,STATE_135400000,posterior.trees,true,sample,bayesian,years,Chang2015
posterior-963,STATE_90128000,posterior.trees,true,sample,bayesian,years,Chang2015
posterior-964,STATE_135824000,posterior.trees,true,sample,bayesian,years,Chang2015
posterior-965,STATE_95344000,posterior.trees,true,sample,bayesian,years,Chang2015
posterior-966,STATE_80488000,posterior.trees,true,sample,bayesian,years,Chang2015
posterior-967,STATE_156880000,posterior.trees,true,sample,bayesian,years,Chang2015
posterior-968,STATE_154744000,posterior.trees,true,sample,bayesian,years,Chang2015
posterior-969,STATE_142440000,posterior.trees,true,sample,bayesian,years,Chang2015
posterior-970,STATE_145456000,posterior.trees,true,sample,bayesian,years,Chang2015
posterior-971,STATE_155728000,posterior.trees,true,sample,bayesian,years,Chang2015
posterior-972,STATE_82968000,posterior.trees,true,sample,bayesian,years,Chang2015
posterior-973,STATE_132072000,posterior.trees,true,sample,bayesian,years,Chang2015
posterior-974,STATE_152512000,posterior.trees,true,sample,bayesian,years,Chang2015
posterior-975,STATE_131016000,posterior.trees,true,sample,bayesian,years,Chang2015
posterior-976,STATE_80952000,posterior.trees,true,sample,bayesian,years,Chang2015
posterior-977,STATE_94584000,posterior.trees,true,sample,bayesian,years,Chang2015
posterior-978,STATE_131784000,posterior.trees,true,sample,bayesian,years,Chang2015
posterior-979,STATE_85664000,posterior.trees,true,sample,bayesian,years,Chang2015
posterior-980,STATE_157800000,posterior.trees,true,sample,bayesian,years,Chang2015
posterior-981,STATE_136800000,posterior.trees,true,sample,bayesian,years,Chang2015
posterior-982,STATE_119136000,posterior.trees,true,sample,bayesian,years,Chang2015
posterior-983,STATE_115152000,posterior.trees,true,sample,bayesian,years,Chang2015
posterior-984,STATE_90280000,posterior.trees,true,sample,bayesian,years,Chang2015
posterior-985,STATE_92384000,posterior.trees,true,sample,bayesian,years,Chang2015
posterior-986,STATE_100832000,posterior.trees,true,sample,bayesian,years,Chang2015
posterior-987,STATE_115640000,posterior.trees,true,sample,bayesian,years,Chang2015
posterior-988,STATE_112256000,posterior.trees,true,sample,bayesian,years,Chang2015
posterior-989,STATE_99584000,posterior.trees,true,sample,bayesian,years,Chang2015
posterior-990,STATE_128592000,posterior.trees,true,sample,bayesian,years,Chang2015
posterior-991,STATE_132192000,posterior.trees,true,sample,bayesian,years,Chang2015
posterior-992,STATE_98584000,posterior.trees,true,sample,bayesian,years,Chang2015
posterior-993,STATE_83504000,posterior.trees,true,sample,bayesian,years,Chang2015
posterior-994,STATE_140968000,posterior.trees,true,sample,bayesian,years,Chang2015
posterior-995,STATE_106592000,posterior.trees,true,sample,bayesian,years,Chang2015
posterior-996,STATE_146632000,posterior.trees,true,sample,bayesian,years,Chang2015
posterior-997,STATE_105976000,posterior.trees,true,sample,bayesian,years,Chang2015
posterior-998,STATE_133664000,posterior.trees,true,sample,bayesian,years,Chang2015
posterior-999,STATE_134272000,posterior.trees,true,sample,bayesian,years,Chang2015
posterior-1000,STATE_159928000,posterior.trees,true,sample,bayesian,years,Chang2015
